{
  "builtin_entity_scope": [
    "snips/datetime",
    "snips/temperature"
  ],
  "config": {
    "unit_name": "tfidf_vectorizer",
    "use_stemming": false,
    "word_clusters_name": null
  },
  "language_code": "en",
  "vectorizer": {
    "idf_diag": [
      3.6255739792779718,
      3.2626684855886032,
      5.299550412849643,
      3.2626684855886032,
      4.45225255246244,
      4.000267428719383,
      4.606403232289698,
      4.788724789083652,
      4.606403232289698,
      4.788724789083652,
      4.45225255246244,
      2.6845906348134454,
      3.35364026379433,
      4.000267428719383,
      3.35364026379433,
      3.35364026379433,
      2.9016551400512727,
      2.3728110107826037,
      4.200938124181533,
      4.606403232289698,
      4.200938124181533,
      3.690112500415543,
      4.45225255246244,
      4.095577608523707,
      4.45225255246244,
      4.606403232289698,
      4.318721159837917,
      4.095577608523707,
      4.788724789083652,
      4.788724789083652,
      4.788724789083652,
      3.5077909436215884,
      2.814643763061643,
      4.606403232289698,
      4.45225255246244,
      3.759105371902494,
      3.35364026379433,
      3.35364026379433,
      4.45225255246244,
      4.45225255246244,
      4.45225255246244,
      4.45225255246244,
      3.402430427963762,
      5.299550412849643,
      4.318721159837917,
      4.45225255246244,
      4.788724789083652,
      3.35364026379433,
      3.5649493574615367,
      3.9132560517297525,
      4.318721159837917,
      4.606403232289698,
      2.6845906348134454,
      3.833213344056216,
      3.35364026379433,
      3.9132560517297525,
      4.45225255246244,
      4.45225255246244,
      3.6255739792779718,
      3.6255739792779718,
      1.9322545828631692,
      2.6604930832343845,
      3.5649493574615367,
      4.606403232289698,
      4.606403232289698,
      4.45225255246244,
      4.45225255246244,
      4.45225255246244,
      3.220108871169807,
      4.000267428719383
    ],
    "vocab": {
      "?": 0,
      "a": 1,
      "affternoon": 2,
      "alex": 3,
      "apple": 4,
      "are": 5,
      "backyard": 6,
      "bathroom": 7,
      "bedroom": 8,
      "berlin": 9,
      "big": 10,
      "builtinentityfeaturesnipsdatetime": 11,
      "builtinentityfeaturesnipstemperature": 12,
      "can": 13,
      "close": 14,
      "entityfeaturecity": 15,
      "entityfeatureentityname": 16,
      "entityfeatureroom": 17,
      "entityfeaturetimeofday": 18,
      "entrance": 19,
      "find": 20,
      "flight": 21,
      "flights": 22,
      "from": 23,
      "garden": 24,
      "give": 25,
      "go": 26,
      "good": 27,
      "hello": 28,
      "hi": 29,
      "how": 30,
      "i": 31,
      "in": 32,
      "increase": 33,
      "kitchen": 34,
      "leaving": 35,
      "light": 36,
      "lights": 37,
      "living": 38,
      "london": 39,
      "lounge": 40,
      "main": 41,
      "me": 42,
      "morning": 43,
      "need": 44,
      "new": 45,
      "night": 46,
      "of": 47,
      "off": 48,
      "on": 49,
      "out": 50,
      "paris": 51,
      "please": 52,
      "room": 53,
      "s": 54,
      "set": 55,
      "show": 56,
      "some": 57,
      "switch": 58,
      "temperature": 59,
      "the": 60,
      "to": 61,
      "turn": 62,
      "up": 63,
      "want": 64,
      "will": 65,
      "yard": 66,
      "york": 67,
      "you": 68,
      "yourself": 69
    }
  }
}