{
  "builtin_entity_scope": [
    "snips/datetime",
    "snips/duration",
    "snips/temperature"
  ],
  "config": {
    "unit_name": "tfidf_vectorizer",
    "use_stemming": false,
    "word_clusters_name": null
  },
  "language_code": "en",
  "vectorizer": {
    "idf_diag": [
      3.7122082112508736,
      3.117501103504181,
      3.5944251755944903,
      5.098502572370764,
      3.152592423315451,
      4.538886784435341,
      4.538886784435341,
      4.6930374642626,
      4.538886784435341,
      5.098502572370764,
      5.791649752930709,
      2.9294488720012413,
      4.538886784435341,
      3.440274495767232,
      3.7767467323884447,
      4.6930374642626,
      4.875359021056555,
      4.086901660692284,
      3.440274495767232,
      5.791649752930709,
      5.791649752930709,
      5.791649752930709,
      4.405355391810819,
      3.7767467323884447,
      3.440274495767232,
      3.152592423315451,
      4.405355391810819,
      4.287572356154436,
      2.459445242755506,
      4.6930374642626,
      4.287572356154436,
      3.7767467323884447,
      4.538886784435341,
      3.7122082112508736,
      4.086901660692284,
      5.791649752930709,
      4.6930374642626,
      4.6930374642626,
      4.405355391810819,
      3.8457396038753964,
      3.5944251755944903,
      2.5929766353800283,
      4.6930374642626,
      4.538886784435341,
      3.8457396038753964,
      3.440274495767232,
      3.440274495767232,
      4.875359021056555,
      4.538886784435341,
      4.538886784435341,
      4.538886784435341,
      2.9584364088744937,
      4.18221184049661,
      4.405355391810819,
      4.6930374642626,
      3.440274495767232,
      3.651583589434439,
      3.9998902837026544,
      4.405355391810819,
      4.538886784435341,
      2.7712248667863473,
      4.6930374642626,
      3.7767467323884447,
      4.086901660692284,
      3.440274495767232,
      3.5944251755944903,
      4.538886784435341,
      4.538886784435341,
      5.791649752930709,
      3.7122082112508736,
      3.7122082112508736,
      2.018888814836071,
      4.538886784435341,
      2.4958128869263803,
      3.651583589434439,
      4.6930374642626,
      4.6930374642626,
      4.538886784435341,
      4.538886784435341,
      4.6930374642626,
      2.8212352873610085,
      4.086901660692284
    ],
    "vocab": {
      "?": 0,
      "a": 1,
      "alex": 2,
      "apple": 3,
      "are": 4,
      "backyard": 5,
      "bathroom": 6,
      "bedroom": 7,
      "berlin": 8,
      "big": 9,
      "brave": 10,
      "builtinentityfeaturesnipsdatetime": 11,
      "builtinentityfeaturesnipsduration": 12,
      "builtinentityfeaturesnipstemperature": 13,
      "builtinentityfeaturesnipstime": 14,
      "buy": 15,
      "call": 16,
      "can": 17,
      "close": 18,
      "comforted": 19,
      "curious": 20,
      "daydreaming": 21,
      "do": 22,
      "entityfeatureaction": 23,
      "entityfeaturecity": 24,
      "entityfeatureentityname": 25,
      "entityfeaturemood": 26,
      "entityfeatureperson": 27,
      "entityfeatureroom": 28,
      "entrance": 29,
      "find": 30,
      "flight": 31,
      "flights": 32,
      "for": 33,
      "from": 34,
      "furious": 35,
      "garden": 36,
      "give": 37,
      "go": 38,
      "how": 39,
      "i": 40,
      "in": 41,
      "increase": 42,
      "kitchen": 43,
      "leaving": 44,
      "light": 45,
      "lights": 46,
      "living": 47,
      "london": 48,
      "lounge": 49,
      "main": 50,
      "me": 51,
      "my": 52,
      "need": 53,
      "new": 54,
      "of": 55,
      "off": 56,
      "on": 57,
      "out": 58,
      "paris": 59,
      "please": 60,
      "register": 61,
      "remeber": 62,
      "room": 63,
      "s": 64,
      "set": 65,
      "show": 66,
      "some": 67,
      "sorrowful": 68,
      "switch": 69,
      "temperature": 70,
      "the": 71,
      "timer": 72,
      "to": 73,
      "turn": 74,
      "up": 75,
      "want": 76,
      "will": 77,
      "yard": 78,
      "york": 79,
      "you": 80,
      "yourself": 81
    }
  }
}